ID,NAME,OWNERID,PHONE
0015g00000EuglSAAR,Lion Big,0055g000007v3IgAAI,+7-222-6565456
0015g00000Dfm5PAAR,GrodnoTransport,0055g000007v3IgAAI,+375-29-4545455
0015g00000EufuWAAR,Alex Manager,0055g000007v3IgAAI,+375-77-5555555
0015g00000GHaCCAA1,DimaTestCompany,0055g000007v3IgAAI,+375-29-6014753
0015g00000AbJTLAA3,Sample Account for Entitlements,0055g000008oESjAAM,
0015g00000DcGMZAA3,Spedition Inc,0055g000007v3IgAAI,+375-66-8885554
0015g00000DcG7EAAV,Silver Motors,0055g000007v3IgAAI,+375-88-5522556
0015g00000DcGMQAA3,World Paper Trader,0055g000007v3IgAAI,+375-55-1521521
0015g00000DcGMPAA3,Global Transport,0055g000007v3IgAAI,+375-11-5598832
0015g00000Dfci7AAB,TestSalesProfile,0055g000007v3IgAAI,+375-77-556666
0015g00000Ew4zqAAB,Lee Inc,0055g000007v3IgAAI,+375-16-1616166
0015g00000Dfm7zAAB,InterSolutions,0055g000007v3IgAAI,+7-222-5552220
